source,media_tags
terbaik news,terbaiknews|national|website|indonesia|general|ebdeskind
cnbc,economic|portal|cnbc|global|ebdeskmy|international|unitedstates|ebdeskind|bukalapak
business insider malaysia,businessinsidermalaysia|economic|international|malaysia|ebdeskmy|ebdeskind
ipotnews,ipotnews|general|national|website|indonesia|dewanpers|tni|ebdeskind
tribratanews polres tasikmalaya kota,tribratanewspolrestasikmalayakota|general|website|indonesia|national|jabar|tasik|tasikmalaya|polri|ebdeskind
waspada.id,waspada.id|general|national|website|indonesia|dewanpers|ebdeskind
klik tulungagung,kliktulungagung|general|national|website|indonesia|polri|ebdeskind
polsek kebon jeruk polres metro jakarta ,polsekkebonjerukpolresmetrojakarta|jakbar|indonesia|polri|website|ebdeskind|general|national
makassar oke,makassaroke|general|national|website|indonesia|ebdeskind
wowkeren.com,wowkeren.com|general|national|website|indonesia|ebdeskind
kompas timur,kompastimur|general|website|indonesia|national|ebdeskind|maluku|baruselatan|namrole|labuang
the vibes,thevibes|malaysia|portal|ebdeskmy
simada news,simadanews|general|national|website|indonesia|ebdeskind
investigasi.today,investigasi.today|general|national|website|indonesia|ebdeskind
era.id,era.id|general|national|website|indonesia|dewanpers|tni|ebdeskind
fokus priangan,fokuspriangan|general|national|website|indonesia|ebdeskind|jawabarat|tasikmalaya|mangkubumi
kata kini,katakini|national|website|indonesia|general|dkijakarta|jakartaselatan|ebdeskind
swarna news,swarnanews|general|national|website|indonesia|dewanpers|ebdeskind
suarakalbar.co.id,suarakalbar.co.id|general|national|website|indonesia|dewanpers|tni|ebdeskind
international bussiness times uk,international|uk|internationalbussinesstimesuk|unitedkingdom|ebdeskind
riaudetil.com,riaudetil.com|general|national|website|indonesia|dewanpers|ebdeskind
dutch news,dutchnews|general|international|netherlands|ebdeskind
beritaharian.sg,beritaharian|singapore|mainstream|ebdeskmy|general|website
itjeher,itjeher|general|national|website|indonesia|dewanpers|tni|ebdeskind
spiegel,portal|spiegelonline|ebdeskmy|germany|international
komandodp.com,komandodp.com|general|national|website|indonesia|ebdeskind|sulawesiselatan|makassar|tamalate|jongaya
polres tanjung perak,polrestanjungperak|general|national|website|indonesia|ebdeskind
harian riau,harianriau|general|national|website|indonesia|dewanpers|ebdeskind
polres tuban,polrestuban|general|indonesia|national|website|jatim|tuban|polri|ebdeskind
sijori today,sijoritoday|general|national|website|indonesia|dewanpers|tni|ebdeskind
sidoarjo terupdate,sidoarjoterupdate|general|national|website|indonesia|polri|sidoarjo|jatim|ebdeskind
koran papua,koranpapua|national|website|indonesia|general|papua|ebdeskind|
riauone.com,riauone.com|general|national|website|indonesia|dewanpers|ebdeskind
mina news,minanews|general|national|website|indonesia|dewanpers|ebdeskind
umnoonline,portal|umnoonline|ebdeskmy|malaysia|politic|ebdeskind|international
derap fakta,derapfakta|national|website|indonesia|general|banten|ebdeskind
cara pandang,carapandang|general|national|website|indonesia|dewanpers|ebdeskind
bualbual.com,bualbual.com|general|national|website|indonesia|dewanpers|tni|ebdeskind
medaninside.com,medaninside.com|general|national|website|indonesia|ebdeskind
probatam.co,probatam.co|general|national|website|indonesia|dewanpers|tni|ebdeskind
klik ampera,klikampera|general|national|website|indonesia|dewanpers|tni|ebdeskind
sportanews.com,sportanews.com|general|national|website|indonesia|dewanpers|tni|ebdeskind
indo linear,indolinear|general|national|website|indonesia|dewanpers|ebdeskind
malaysia kini bm,ebdeskmy|portal|malaysiakini|malaysia
nhk,nhk|ninternational|website|japan|general|ebdeskind
popularitas,popularitas|general|national|website|indonesia|dewanpers|ebdeskind
ayo semarang,ayosemarang|national|website|indonesia|general|semarang|ebdeskind
patroli post,patrolipost|national|website|indonesia|general|denpasar|bali|ebdeskind
china daily asia,international|hongkong|chinadailyasia|general|ebdeskind
tajuk,tajuk|national|website|indonesia|general|dkijakarta|jakartaselatan|ebdeskind
asiatoday,asiatoday|education|international|taiwannews|ebdeskind
acehtrend.com,acehtrend.com|general|national|website|indonesia|dewanpers|ebdeskind
zona integritas,zonaintegritas|general|national|website|indonesia|polri|ebdeskind
warta rakyat,wartarakyat|general|national|website|indonesia|dewanpers|ebdeskind
jayandaru,jayandaru|general|national|website|indonesia|polri|ebdeskind
kreatifnews.co.id,kreatifnews.co.id|national|website|indonesia|general|lampung|ebdeskind
lampung visual,lampungvisual|general|national|website|indonesia|dewanpers|tni|ebdeskind
warnariau.com,warnariau.com|general|national|website|indonesia|dewanpers|tni|ebdeskind
media dayak,mediadayak|general|national|website|indonesia|dewanpers|ebdeskind
lensa reportase,lensareportase|national|website|indonesia|general|bogor|jawabarat|ebdeskind
kejarfakta.co,kejarfakta.co|national|website|indonesia|general|ebdeskind
dialeksis,dialeksis|general|national|website|indonesia|dewanpers|tni|ebdeskind
agtvnews.com,agtvnews.com|general|national|website|indonesia|dewanpers|tni|ebdeskind
liputan.co.id,liputan.co.id|general|national|website|indonesia|dewanpers|tni|ebdeskind
malaysianow.com,malaysianow.com|malaysia|portal|ebdeskmy
tasik progresif ,ebdeskind|indonesia|tasikmalaya|website|jabar|tasikprogresif|general|national
tribun pontianak,indonesia|tribunnewspontianak|ebdeskind|general|kalimantanbarat|pontianak|kuburaya|sungairaya|kementan
spiritriau,spiritriau|general|national|website|indonesia|dewanpers|ebdeskind
antara kupang,antarakupang|national|website|indonesia|general|ebdeskind
radio france internationale,ebdeskmye|radiofranceinternationale|france|website|radiofranceinternational|international|general|ebdeskind
tribun sumsel,tribunsumsel|general|national|website|indonesia|dewanpers|tni|ebdeskind
aceh bisnis,acehbisnis|general|national|website|indonesia|dewanpers|tni|ebdeskind
rrinews aceh,rrinewsaceh|national|website|indonesia|general|aceh|ebdeskind
bolmora,bolmora|general|national|website|indonesia|dewanpers|tni|ebdeskind
wajibbaca.com,wajibbaca.com|general|national|website|indonesia|ebdeskind
mata bangsa,matabangsa|general|national|website|indonesia|dewanpers|ebdeskind
orbit digital daily,orbitdigitaldaily|general|national|website|indonesia|dewanpers|ebdeskind
dara.co.id,dara.co.id|general|national|website|indonesia|dewanpers|tni|ebdeskind
cakrawala news,cakrawalanews|general|national|website|indonesia|dewanpers|ebdeskind
bernas,bernas|general|national|website|indonesia|dewanpers|ebdeskind
baruga news,baruganews|general|national|website|indonesia|ebdeskind
sulut review,sulutreview|general|national|website|indonesia|dewanpers|ebdeskind
focus taiwan,focustaiwan|international|website|taiwan|general|ebdeskind
jayantara news,jayantaranews|national|website|indonesia|general|ebdeskind
radar bisnis,radarbisnis|general|national|website|indonesia|dewanpers|tni|ebdeskind
prasbahara sulbar ,sulbar|nasional|prasbaharasulbar|indonesia|sulawesi|ebdeskind|general
new internationalist,ebdeskmyist|website|newinternationalist|newinternational|national2|international|general|ebdeskind
riau lantang,riaulantang|national|website|indonesia|general|tni|ebdeskind
media kalsel,mediakalsel|general|website|indonesia|natinal|kalsel|ebdeskind
curup ekspress,curupekspress|national|website|indonesia|general|ebdeskind
sulut daily,sulutdaily|general|national|website|indonesia|dewanpers|ebdeskind
waspada aceh,waspadaaceh|national|website|indonesia|general|bandaaceh|ebdeskind
palopo news,paloponews|general|national|website|indonesia|sulawesiselatan|makassar|tamalate|parangtambung|ebdeskind
gerbang krakatau,gerbangkrakatau|national|website|indonesia|general|lampung|lampungselatan|ebdeskind
terdepan.co.id,terdepan.co.id|general|national|website|indonesia|dewanpers|tni|ebdeskind
berita kini,beritakini|general|national|website|indonesia|dewanpers|tni|ebdeskind
cyber news 86,cybernews86|national|website|indonesia|general|polri|ebdeskind
kba.one,kba.one|general|national|website|indonesia|dewanpers|tni|ebdeskind
ranah riau,ranahriau|general|national|website|indonesia|dewanpers|ebdeskind
kalteng ekspres,kaltengekspres|general|national|website|indonesia|ebdeskind|kalimantantengah|waringinbarat|arutselatan|madurejo
riau karya,riaukarya|general|national|website|indonesia|dewanpers|ebdeskind
portal riau,portalriau|general|national|website|indonesia|dewanpers|ebdeskind
sumsel terkini,sumselterkini|general|national|website|indonesia|dewanpers|ebdeskind
seru kaltim,serukaltim|general|national|website|indonesia|polri|ebdeskind
koran indonesia,koranindonesia|general|national|website|indonesia|dewanpers|ebdeskind
trans media riau,transmediariau|general|national|website|indonesia|dewanpers|ebdeskind
jadi berita,jadiberita|general|national|website|indonesia|ebdeskind
realita kini,realitakini|general|national|website|indonesia|dewanpers|tni|ebdeskind
andalas time,andalastime|general|national|website|indonesia|dewanpers|ebdeskind
freepress,portal|freepress|unitedstates|ebdeskmy
tribunjateng.co,tribunjateng.co|general|national|website|indonesia|dewanpers|tni|ebdeskind
madiun adem,madiunadem|national|website|indonesia|general|polri|madiun|jawatimur|ebdeskind
xtra,xtra|general|international|malaysia|ebdeskind|ebdeskmy
idn times jatim,idntimesjatim|national|website|indonesia|general|jawatimur|ebdeskind
wilis terkini,wilisterkini|national|website|indonesia|general|polri|ebdeskind
suaramerdeka.news,suaramerdeka.news|national|website|indonesia|general|semarang|ebdeskind
bulawa news,bulawanews|general|national|website|indonesia|dewanpers|tni|ebdeskind
mail & guardian,mail&guardian|art|southafrica|international|ebdeskind
beruang madu news,beruangmadunews|national|website|indonesia|general|deskripsi|kalimantantimur|deskripsi|ebdeskind
blitar terkini,blitarterkini|national|website|indonesia|general|blitar|jawatimur|ebdeskind|
esqnews.id,esqnews.id|general|national|website|indonesia|ebdeskind
metro sulbar,metrosulbar|general|national|website|indonesia|ebdeskind|sulawesibarat|mamuju|rimuku
detak riau,detakriau|general|national|website|indonesia|dewanpers|ebdeskind
detotabuan,detotabuan|general|national|website|indonesia|dewanpers|tni|ebdeskind
tv10 news grup,tv10newsgrup|general|national|website|indonesia|polri|ebdeskind
hallo madiun,hallomadiun|national|website|indonesia|general|madiun|jawatimur|polri|ebdeskind
waktuku,waktuku|general|national|website|indonesia|ebdeskind
si tinjau sumbar,sitinjausumbar|general|national|website|indonesia|dewanpers|tni|ebdeskind
habar kalimantan,habarkalimantan|general|website|indonesia|national|ebdeskind
jambiindependent.co.id,jambiindependent.co.id|general|national|website|indonesia|dewanpers|ebdeskind
aneka fakta,anekafakta|general|national|website|indonesia|polri|ebdeskind
warta kota,wartakota|general|indonesia|national|website|kalsel|banjarbaru|ebdeskind
cambodia news vision,cambodia|portal|ebdeskmy|cambodianewvision|general|website
aci kepri,acikepri|general|national|website|indonesia|dewanpers|tni|ebdeskind
gema medianet,gemamedianet|general|national|website|indonesia|dewanpers|ebdeskind
komentar,komentar|general|national|website|indonesia|dewanpers|tni|ebdeskind
madiun ae,madiunae|national|website|indonesia|general|madiun|jawatimur|polri|ebdeskind
berita baru,beritabaru|national|website|indonesia|general|jakartatimur|dkijakarta|ebdeskind
fornews.co,fornews.co|general|national|website|indonesia|dewanpers|ebdeskind
gresnews.com,grasnews.com|general|website|indonesia|national|ebdeskind
rakyat terkini,rakyatterkini|general|national|website|indonesia|dewanpers|tni|ebdeskind
go sumsel,gosumsel|general|national|website|indonesia|dewanpers|ebdeskind
riau headline,riauheadline|general|national|website|indonesia|dewanpers|ebdeskind
berita karimun,beritakarimun|general|national|website|indonesia|dewanpers|ebdeskind
buser online news,buseronlinenews|national|website|indonesia|general|bekasi|jawabarat|ebdeskind
kabar publik,kabarpublik|general|national|website|indonesia|dewanpers|ebdeskind
kronik totabuan,kroniktotabuan|general|national|website|indonesia|dewanpers|tni|ebdeskind
metro bekasi,metrobekasi|general|website|indonesia|national|ebdeskind
delinews.tv,delinews.tv|general|national|website|indonesia|polri|ebdeskind
tapak tuan post,tapaktuanpost|national|website|indonesia|general|ebdeskind
kepridays.co.id,kepridays.co.id|general|national|website|indonesia|dewanpers|ebdeskind
sumaterazone,sumaterazone|general|national|website|indonesia|dewanpers|tni|ebdeskind
asia correspondent,singapore|portal|asiancorrespondent|ebdeskmy
bali ekbis,baliekbis|national|website|indonesia|general|denpasar|bali|ebdeskind
rujukannews.com,rujukannews.com|general|national|website|indonesia|polri|ebdeskind
ewarta.com,ewarta.com|national|website|indonesia|general|ebdeskind
majalah just for kids,majalahjustforkids|national|website|indonesia|generaldkijakarta|ebdeskind
semarak post,semarakpost|general|national|website|indonesia|dewanpers|ebdeskind
tajuk utama,tajukutama|general|national|website|indonesia|ebdeskind
trans sumatera,transsumatera|national|website|indonesia|general|lampung|sumatraselatan|ebdeskind
bagus news,bagusnews|national|website|indonesia|general|polri|ebdeskind
manadoterkini.com,manadoterkini.com|general|national|website|indonesia|dewanpers|ebdeskind
suarakarya.co.id,suarakarya.co.id|national|website|indonesia|general|ebdeskind|
penapost.id,penapost.id|general|national|website|indonesia|dewanpers|ebdeskind
ayo bogor,ayobogor|national|website|indonesia|general|bogor|jawabarat|ebdeskind
cahaya manado,cahayamanado|general|national|website|indonesia|dewanpers|tni|ebdeskind
indeks info polisi,indeksinfopolisi|national|website|indonesia|general|ebdeskind|polri
kabarsbi,kabarsbi|national|website|indonesia|general|jakartautara|dkijakarta|ebdeskind
post courier png,postcourierpnginternational|papuanewguinea|general|ebdeskind
suara banyumas,suarabanyumas|national|website|indonesia|general|banyumas|jawatengah|ebdeskind
pontas.id,pontas.id|general|national|website|indonesia|dewanpers|tni|ebdeskind
presmedia,presmedia|general|national|website|indonesia|dewanpers|tni|ebdeskind
tribun riau,tribunriau|general|international|indonesia|ebdeskind
inibaru.id,inibaru.id|national|website|indonesia|general|ebdeskind
sinar pidie,sinarpidie|general|national|website|indonesia|dewanpers|ebdeskind
topikini,topikini|general|national|website|indonesia|ebdeskind
shanghai daily,china|portal|shanghaidaily|ebdeskmy
anantanews.id,anantanews.id|national|website|indonesia|general|ebdeskind
multimedia center kalimantan tengah,multimediacenterkalimantantengah|general|national|website|indonesia|ebdeskind
joss.co.id,joss.co.id|national|website|indonesia|general|ebdeskind
voxsulut.com,voxsulut.com|general|national|website|indonesia|dewanpers|tni|ebdeskind
zona xpose,zonaxpose|general|national|website|indonesia|polri|ebdeskind|indonesia
radar depok,radardepok|national|website|indonesia|general|depok|jawabarat|ebdeskind
reportase.tv,reportase.tv|national|website|indonesia|general|ebdeskind
acn newswire,acnnewswire|international|website|japan|general|ebdeskind
media blitar,mediablitar|national|website|indonesia|general|jawatimur|ebdeskind
wartaonline.id,wartaonline.id|national|website|indonesia|general|lampung|ebdeskind
dering24,dering24|national|website|indonesia|general|ebdeskind
katadia.co,katadia.co|national|website|indonesia|general|polri|ebdeskind
india.com,india.com|general|international|india|ebdeskind
fajar manado,fajarmanado|general|national|website|indonesia|dewanpers|tni|ebdeskind
otodriver,otodriver|national|website|indonesia|otomotif|jakartabarat|dkijakarta|ebdeskind
kata kepri,katakepri|general|national|website|indonesia|dewanpers|tni|ebdeskind
pecel news,pecelnews|national|website|indonesia|general|polri|ebdeskind
unusantara,unusantara|general|national|website|indonesia|dewanpers|ebdeskind
the8news,the8news|general|national|website|indonesia|dewanpers|tni|ebdeskind
info madiun ae,infomadiunae|national|website|indonesia|general|madiun|jawatimur|polri|ebdeskind
jurnal kepri,jurnalkepri|general|national|website|indonesia|dewanpers|ebdeskind
kumparan sultra,kumparansultra|general|national|website|indonesia|dewanpers|tni|ebdeskind
public now,publicnow|general|international|unitedstates|ebdeskind
rakjat,rakjat|national|website|indonesia|general|bengkulu|ebdeskind
sinar pagi baru,sinarpagibaru|national|website|indonesia|general|ebdeskind
ampenan news,ampenannews|national|website|indonesia|general|nusatenggarabarat|ebdeskind
gebrak news,gebraknews|general|national|website|indonesia|dewanpers|tni|ebdeskind
betv news,betvnews|national|website|indonesia|general|ebdeskind
lampu kuning,lampukuning|general|national|website|indonesia|dewanpers|ebdeskind
regamedia news,regamedianews|general|national|website|indonesia|dewanpers|tni|ebdeskind
telegrafnews.co.id,telegrafnews.co.id|general|national|website|indonesia|dewanpers|tni|ebdeskind
wartakini,wartakini|general|national|website|indonesia|ebdeskind
manado zone,manadozone|general|national|website|indonesia|dewanpers|tni|ebdeskind
buletin news,buletinnews|general|national|website|indonesia|dewanpers|tni|ebdeskind
detak media,detakmedia|general|national|indonesia|ebdeskind
koran perbatasan,koranperbatasan|general|national|website|indonesia|dewanpers|tni|ebdeskind
metro deadline,metrodeadline|national|website|indonesia|general|lampung|sumatraselatan|ebdeskind
radarsidoarjo,radarsidoarjo|national|website|indonesia|general|sidoarjo|jawatimur|ebdeskind
makassar pena,makassarpena|general|national|website|indonesia|ebdeskind
regalianews,regalianews|general|national|website|indonesia|dewanpers|tni|ebdeskind
palpos.id,palpos.id|general|national|website|indonesia|dewanpers|ebdeskind
berita kepri,beritakepri|general|national|website|indonesia|dewanpers|tni|ebdeskind
liputan polri,liputanpolri|general|national|website|indonesia|polri|ebdeskind
antara news manado ,antaranewsmanado|national|website|indonesia|general|manado|ebdeskind
jogo suroboyo,jogosuroboyo|general|national|website|indonesia|polri|ebdeskind
ekspos sumbar,ekspossumbar|general|national|website|indonesia|dewanpers|tni|ebdeskind
reportase papua,reportasepapua|national|website|indonesia|general|papua|ebdeskind
barru pos,barrupos|general|national|website|indonesia|ebdeskind
gerbangkepri.com,gerbangkepri.com|general|national|website|indonesia|dewanpers|tni|ebdeskind
lampung terkini,lampungterkini|national|website|indonesia|general|lampung|ebdeskind
islands business,islandsbusinessinternational|fiji|general|ebdeskind
portalkriminal.id,portalkriminal.id|national|website|indonesia|general|jakartaselatan|dkijakarta|ebdeskind
rilis info,rilisinfo|general|national|website|indonesia|ebdeskind|polri
mail online,mailonline|unitedkingdom|mainstream|ebdeskmy
metropolis.co.id,metropolis.co.id|general|national|website|indonesia|dewanpers|ebdeskind
multimedia center kotawaringin barat,multimediacenterkotawaringinbarat|general|national|website|indonesia|ebdeskind
sergapreborn,sergapreborn|national|website|indonesia|general|jakartapusat|dkijakarta|polri|ebdeskind
zona buser,zonabuser|general|national|website|indonesia|polri|ebdeskind
pelita kepri,pelitakepri|website|national|indonesia|general|ebdeskind
sentral one ,indonesia|polri|sentralone|ebdeskind|genereal|national
tehran times daily newspaper,tehrantimesdailynewspaper|general|international|iran|ebdeskind
jatimnet.com,jatimnet.com|national|general|indonesia|website|ebdeskind
bisnisjakarta.id,bisnisjakarta.id|national|website|indonesia|general|dkijakarta|ebdeskind
kasusta,kasusta|general|national|website|indonesia|polri|ebdeskind
sportku,sportku|national|website|indonesia|sport|ebdeskind
channel news asia,singapore|mainstream|channelnewsasia|entertainment|ebdeskmy|international|ebdeskind
suara palapa,suarapalapa|general|national|website|indonesia|ebdeskind
greeners,greners|general|national|website|indonesia|ebdeskind
topik indo,topikindo|general|national|website|indonesia|ebdeskind
whio,whio|general|international|unitedstates|ebdeskind
kundur news,kundurnews|general|national|website|indonesia|dewanpers|tni|ebdeskind
rancahpost.com,rancahpost.com|general|national|website|indonesia|ebdeskind
republik news,republiknews|general|national|website|indonesia|ebdeskind
50detik,50detik|national|website|indonesia|general|jakartautara|dkijakarta|ebdeskind
newsxin,ebdeskmy|newsxin|portal|singapore
bolmong post,bolmongpost|general|national|website|indonesia|dewanpers|ebdeskind
info seputar kebonsari,infoseputarkebonsari|national|website|indonesia|general|polri|ebdeskind
kabar satu,kabarsatu|general|national|website|indonesia|ebdeskind
prodesanews,prodesanews|general|national|website|indonesia|dewanpers|ebdeskind
global cyber news,globalcybernews|general|national|website|indonesia|polri|ebdeskind
kabaralam,kabaralam|general|website|indonesia|national|ebdeskind
perdana news,perdananews|general|national|website|indonesia|polri|ebdeskind
info totabuan,infototabuan|general|national|website|indonesia|dewanpers|tni|ebdeskind
lensa purbalingga,lensapurbalingga|national|website|indonesia|general|bandung|jawabarat|ebdeskind
lidik.id,lidik.id|national|website|indonesia|general|lampung|ebdeskind
lintas papua,lintaspapua|national|website|indonesia|general|papua|ebdeskind
memorandum.co.id,memorandum.co.id|general|national|website|indonesia|polri|ebdeskind
djournalist,djournalist|general|national|website|indonesia|ebdeskind
marketwatch,international|marketwatch|unitedstates|general|ebdeskind
radar investigasi,radarinvestigasi|general|national|website|indonesia|ebdeskind
bangun piaman,bangunpiaman|general|national|website|indonesia|dewanpers|tni|ebdeskind
boston herald,bostonherald|general|international|unitedstates|ebdeskind
mahardika news,mahardikanews|general|national|website|indonesia|dewanpers|tni|ebdeskind
newsikal,newsikal|national|website|indonesia|general|bengkulu|ebdeskind
inilah kepri,inilahkepri|general|website|indonesia|national|ebdeskind
portal manado,portalmanado|general|national|website|indonesia|dewanpers|ebdeskind
jember post,jemberpost|general|national|website|indonesia|dewanpers|ebdeskind
mitra mediasiber,mitramediasiber|national|website|indonesia|general|polri|ebdeskind
metro sidik,metrosidik|general|national|website|indonesia|dewanpers|tni|ebdeskind
fokus bengkulu,fokusbengkulu|national|website|indonesia|general|ebdeskind
kabarok,kabarok|general|national|website|indonesia|dewanpers|ebdeskind
liputan bmi,liputanbmi|general|national|website|indonesia|ebdeskind
asia one,singapore|portal|entertainment|asiaone|ebdeskmy|international|ebdeskind
bhatara,bhatara|general|national|website|indonesia|dewanpers|tni|ebdeskind
deutsche welle,deutschewelle|mainstream|ebdeskmy|germany
kabar dewata,kabardewata|national|website|indonesia|general|denpasar|bali|ebdeskind
the pioneer,india|mainstream|ebdeskmy|thetribuneindia
diskominfo provinsi banten,diskominfoprovinsibanten|general|national|website|indonesia|banten|ebdeskind
jordan news agency,jordannewsagency|general|international|jordan|ebdeskind
freemalaysiatoday,portal|ebdeskmy|malaysia|international|freemalaysiatoday|ebdeskind
aceh video,acehvideo|general|national|website|indonesia|dewanpers|tni|ebdeskind
arabianbusines,arabianbusiness|global|portal|ebdeskmy|ebdeskind
dael pos,daelpos|general|national|website|indonesia|polri|ebdeskind
harian siber,hariansiber|national|website|indonesia|general|tegal|jawatengah|ebdeskind
panji nasional,panjinasional|national|website|indonesia|general|ebdeskind
pena 7,pena7|general|national|website|indonesia|polri|ebdeskind
tabaos14.com,tabaos14.com|national|website|indonesia|general|ebdeskind
the chosunilbo,thechosunilbo|international|general|korearepublicof|bukalapak|ebdeskind
tribun bali travel,tribunbalitravel|national|website|indonesia|general|denpasar|bali|ebdeskind
nusantarabicara.co,nusantarabicara.co|general|national|website|indonesia|polri|ebdeskind
radar news1,radarnews1|general|website|indonesia|national|ebdeskind
wtop,wtop|general|international|unitedstates|ebdeskind
edu publik jabar,edupublikjabar|national|website|indonesia|general|jawabarat|ebdeskind
infosiak.com,infosiak.com|general|national|website|indonesia|dewanpers|tni|ebdeskind
papua bangkit,papuabangkit|national|website|indonesia|general|papua|ebdeskind
topik papua,topikpapua|national|website|indonesia|general|papua|ebdeskind
cambodia news,portal|cambodia|cambodiannews|ebdeskmy|international|cambodianews
lentera today,lenteratoday|national|website|indonesia|general|ebdeskind
straitstimes,singapore|mainstream|thestraitstimes|ebdeskmy|ebdeskind|international
lidik nusantara,lidiknusantara|general|national|website|indonesia|dewanpers|ebdeskind
masakini.co,masakini.co|general|national|website|indonesia|ebdeskind
metro lacak,metrolacak|general|national|website|indonesia|polri|ebdeskind
selasar.co,selasar.co|national|website|indonesia|general|samarinda|kalimantantimur|ebdeskind
the indian express,india|theindianexpress|mainstream|ebdeskmy|ebdeskind|international
indo politika,indopolitika|general|national|website|indonesia|ebdeskind
navhind times,india|thenavhindtimes|mainstream|ebdeskmy
papua inside,papuainside|national|website|indonesia|general|papua|ebdeskind
republik jatim,republikjatim|national|website|indonesia|general|sidoarjo|jawatimur|ebdeskind
agenda daily,portal|ebdeskmy|agendadaily|malaysia|ebdeskind|international
berita online,beritaonline|general|national|website|indonesia|polri|ebdeskind
dunia energi,duniaenergi|national|website|indonesia|general|ebdeskind
news yahoo singapore,yahoonewssingapore|singapore|portal|ebdeskmy|ebdeskind|international
nusa daily,nusadaily|national|website|indonesia|general|ebdeskind
polres gowa,polresgowa|national|website|indonesia|general|polri|jakartaselatan|dkijakarta|ebdeskind|
tiffanews,tiffanews|national|website|indonesia|general|ebdeskind
wahana indonesia,wahanaindonesia|general|national|website|indonesia|ebdeskind
konde.co,konde.co|national|website|indonesia|general|ebdeskind
pelita sumatera,pelitasumatera|general|national|website|indonesia|tni|ebdeskind
vox.com,vox.com|general|website|international|unitedstates|bukalapak|ebdeskind
banua post,banuapost|national|website|indonesia|general|kalimantanselatan|ebdeskind
bharata news,bharatanews|national|website|indonesia|general|polri|bogor|jawabarat|ebdeskind
borneo trend,borneotrend|national|website|indonesia|general|banjarmasin|kalimantanselatan|ebdeskind
geunta,geunta|national|website|indonesia|general|ebdeskind
klik kalsel,klikkalsel|national|website|indonesia|general|banjarmasin|kalimantanselatan|ebdeskind
meja redaksi,mejaredaksi|general|national|website|indonesia|dewanpers|ebdeskind
noken live,nokenlive|national|website|indonesia|general|ebdeskind
uri,uri|general|national|website|indonesia|ebdeskind
balpos,balpos|national|website|indonesia|general|balikpapan|kalimantantimur|ebdeskind
cyberberitaasia,singapore|mainstream|ebdeskmy|cyberberitaasia
hijauku,hijauku|general|national|website|indonesia|ebdeskind
publi capos,publicapos|general|national|website|indonesia|ebdeskind
seru.co.id,seru.co.id|national|website|indonesia|general|malang|jawatimur|ebdeskind
albalad.co,albalad.co|general|national|website|indonesia|ebdeskind
balipost.co.id,balipost.co.id|regional|national|website|indonesia|ebdeskind
cipan tapir & tenuk,blog|ebdeskmy|cipantapirtenuk|malaysia
corong sultra,corongrakyat|national|website|indonesia|general|ebdeskind|
kape fm,kapefm|national|website|indonesia|general|ebdeskind
klikjatim.com,klikjatim.com|national|general|website|indonesia|ebdeskind
palembang talk,palembangtalk|general|national|website|indonesia|palembang|sumateraselatan|ebdeskind
riau monitor,riaumonitor|national|website|indonesia|general|ebdeskind
sitanggang,sitanggang|general|national|website|indonesia|ebdeskind
asian correspondent,singapore|portal|asiancorrespondent|ebdeskmy
deccan chornicle,india|mainstream|ebdeskmy|deccanchornicle
financial express,financialexpress|general|international|india|ebdeskind
kaltim kita,kaltimkita|national|website|indonesia|general|balikpapan|kalimantantimur|ebdeskind
new strait times,portal|technology|ebdeskmy|malaysia|newstraittimes|bukalapak|ebdeskind|international
tanjung pinang pos,tanjungpinangpos|national|website|indonesia|general|ebdeskind
the washington times,ebdeskmy|portal|thewashingtontimes|unitedstates
daily news and analysis,india|ebdeskmy|portal|dailynewsandanalysis|ebdeskind|international
dinamika kepri news,dinamikakeprinews|general|national|website|indonesia|dewanpers|tni|ebdeskind
dorr online news,dorronlinenews|national|website|indonesia|general|ebdeskind
koranmakassar.com,koranmakassar.com|general|national|website|indonesia|dewanpers|tni|ebdeskind
kosmo,portal|kosmo|ebdeskmy|malaysia|general|ebdeskind|international
pilotonline,pilotonline|general|international|unitedstates|ebdeskind
scoop,scoop|general|international|newzealand|ebdeskind
rapormerah.co,rapormerah.co|general|national|website|indonesia|ebdeskind
science daily,sciencedaily|global|portal|ebdeskmy
sulbarupdate,sulbarupdate|national|website|indonesia|general|sulawesibarat|ebdeskind
utusan,mainstream|utusan|technology|utusanonline|ebdeskmy|malaysia|international|ebdeskind
cendekia news,cendekianews|general|national|website|indonesia|ebdeskind
china post,chinapost|china|mainstream|ebdeskmy
detik aceh,detikaceh|national|website|indonesia|general|aceh|ebdeskind
ekspos sulbar,ekspossulbar|general|national|website|indonesia|ebdeskind|sulawesibarat|mamuju
independen9,independen9|general|national|website|indonesia|dewanpers|tni|ebdeskind
international bussiness times,international|australia|internationalbussinesstimes|general|ebdeskind
newsmalaysiamsn,portal|msnmalaysia|ebdeskmy|malaysia
petua dan resepi bonda,malaysia|blog|social|petuadanresepibonda|ebdeskmy
sidoarjo news,sidoarjonews|national|website|indonesia|general|sidoarjo|jawatimur|ebdeskind
amnesty international,amnestyinternational|general|international|unitedstates|ebdeskind
d&c,economic|d&c|international|unitedstates|ebdeskind
for banyuwangi,forbanyuwangi|national|website|indonesia|general|banyuwangi|jawatimur|ebdeskind
gemari.id,gemari.id|national|website|indonesia|general|dkijakarta|ebdeskind
kabar banua,kabarbanua|national|website|indonesia|general|tanahbumbu|kalimantanselatan|ebdeskind
lentera one,lenteraone|general|national|website|indonesia|dewanpers|tni|ebdeskind
manadosiana.com,manadosiana.com|general|national|website|indonesia|dewanpers|ebdeskind
mediatanews,mediatanews|general|national|website|indonesia|ebdeskind
terkini.id,terkini.id|general|national|website|indonesia|ebdeskind
timika bisnis,timikabisnis|national|website|indonesia|general|timika|papua|ebdeskind
gizmo.id,gizmo.id|national|website|indonesia|technology|ebdeskind
ikilho jatim,ikilhojatim|national|website|indonesia|general|surabaya|jawatimur|ebdeskind
indeks news kalteng,indeksnewskalteng|national|website|indonesia|general|kalimantantengah|ebdeskind
iniini samoa,iniinisamoa|international|general|samoa|ebdeskind
majalah pro,majalahpro|general|national|website|indonesia|ebdeskind
metro kaltim,metrokaltim|national|website|indonesia|general|balikpapan|kalimantantimur|ebdeskind
pemburu news,pemburunews|general|national|website|indonesia|ebdeskind
philippines times,philippines|mainstream|philippinestimes|ebdeskmy|ebdeskind|international
sabda news,sabdanews|national|website|indonesia|general|ebdeskind
samoa govt,samoagovt|international|general|samoa|ebdeskind
sulut news tv,sulutnewstv|national|website|indonesia|general|sulawesiutara|ebdeskind
the argus,unitedkingdom|mainstream|ebdeskmy|theargus
the times of india,india|portal|thetimesofindia|ebdeskmy|ebdeskind|international
thesundaily,mainstream|technology|thesundaily|ebdeskmy|malaysia|bukalapak|ebdeskind|international
bali factual news,balifactualnews|national|website|indonesia|general|bali|ebdeskind
china daily,china|mainstream|economic|chinadaily|ebdeskmy|international|ebdeskind
klik bmr,klikbmr|national|website|indonesia|general|kotamobagu|sulawesiutara|ebdeskind
lensa warga,lensawarga|general|national|website|indonesia|dewanpers|tni|ebdeskind
lihat kepri,lihatkepri|general|national|website|indonesia|dewanpers|tni|ebdeskind
newsroom,newsroominternational|newzealand|general|ebdeskind
pijar kepri,pijarkepri|national|website|indonesia|general|tni|ebdeskind
sulut times,suluttimes|national|website|indonesia|general|sulawesiutara|ebdeskind
wearecentralpa,wearecentralpa|general|international|unitedstates|ebdeskind
beautifulnara,portal|ebdeskmy|beautifulnara|malaysia|international|general|ebdeskind
jelajah pos,jelajahpos|general|national|website|indonesia|ebdeskind
loop png,looppng|general|international|papuanewguinea|ebdeskind
los angeles times,mainstream|losangelestimes|ebdeskmy|unitedstates|ebdeskind|international
natindo news,natindonews|general|national|website|indonesia|dewanpers|ebdeskind
poros maju,porosmaju|general|national|website|indonesia|ebdeskind
publik satu,publiksatu|general|national|website|indonesia|ebdeskind|sulawesitenggara|baubau|betoambari|lipu
rotikaya,portal|rotikaya|ebdeskmy|malaysia|international|general|ebdeskind
sg asiatatler,singaporetatler|singapore|mainstream|ebdeskmy
soppeng today,soppengtoday|general|national|website|indonesia|ebdeskind
sulawesi ekspress,sulawesiekspress|general|national|website|indonesia|ebdeskind
the asian age,india|theasianage|mainstream|ebdeskmy|national|ebdeskind|indonesia
the national,egypt|portal|thenational|ebdeskmy|ebdeskind|international
todayonline,singapore|mainstream|todayonline|ebdeskmy|international|ebdeskind
bakohumas provinsi banten,bakohumasprovinsibanten|general|national|indonesia|ebdeskind
bangkok news,bangkoknews|portal|thailand|ebdeskmy|bakohumasprovinsibanten|indonesia|ebdeskind|national
berita babel,beritababel|general|national|website|indonesia|ebdeskind
christianity daily,christianitydaily|general|international|unitedstates|ebdeskind
fixsnews,fixsnews|general|website|indonesia|national|ebdeskind
info terkini,infoterkini|general|national|website|indonesia|polri|ebdeskind
katainfo,katainfo|general|national|website|indonesia|polri|ebdeskind
khairulryezal,khairulryezal|ebdeskmy|blog|malaysia
pbs newshour,pbsnewshour|mainstream|unitedstates|ebdeskmy
reuters,portal|global|technology|ebdeskmy|international|unitedstates|reuters|nfrbi|pantauanbi|bukalapak|ebdeskind
samudera kepri,samuderakepri|general|national|website|indonesia|dewanpers|ebdeskind
singapore business review,singaporebusinessreview|singapore|portal|technology|ebdeskmy|international|ebdeskind
wa today,watoday|general|international|australia|ebdeskind
87 online news,87onlinenews|national|website|indonesia|general|ebdeskind
bimata.id,bimata.id|national|website|indonesia|general|jakartaselatan|dkijakarta|ebdeskind
detakindonesia.co.id ,detakindonesia.co.id|national|website|indonesia|general|jakartapusat|dkijakarta|ebdeskind
edisi.id,edisi.id|general|national|website|indonesia|polri|ebdeskind
flight global,ebdeskmy|global|portal|flightglobal|ebdeskind|international
ghana web,ghanaweb|general|international|ghana|ebdeskind
harakahdaily,harakahdaily|mainstream|ebdeskmy|malaysia
india today,india|mainstream|indiatoday|ebdeskmy
indonesia expat,indonesiaexpat|general|international|indonesia|ebdeskind
kepri.tv,kepri.tv|general|national|website|indonesia|dewanpers|ebdeskind
kompak news,kompaknews|general|national|website|indonesia|ebdeskind
novandri blog,drmim|ebdeskmy|blog|malaysia
nusantara satu,nusantarasatu|national|website|indonesia|general|polri|ebdeskind
oaseindonesianews,oaseindonesianews|general|national|website|indonesia|polri|ebdeskind
oto.com,oto.com|national|website|indonesia|otomotif|jakartabarat|dkijakarta|ebdeskind
parpukari,parpukari|ebdeskmy|blog|malaysia
redaksi.co.id,redaksi.co.id|general|national|website|indonesia|ebdeskind
rilis kalimantan,riliskalimantan|national|website|indonesia|general|ebdeskind
sekilas media,sekilasmedia|general|national|website|indonesia|ebdeskind
sulsel mengabari,sulselmengabari|general|national|website|indonesia|ebdeskind
9 news fiji,9newsfiji|international|general|fiji|ebdeskind
asean today,aseantoday|general|international|singapore|ebdeskind
berita mimika,beritamimika|national|website|indonesia|general|timika|papua|ebdeskind
bharian,mainstream|bharian|technology|ebdeskmy|malaysia|general|ebdeskind|international
big news network,bignewsnetwork|portal|thailand|ebdeskmy|dewanpers|ebdeskind|international
birmingham mail,unitedkingdom|birminghammail|portal|ebdeskmy
bloomberg,portal|global|technology|bloomberg|ebdeskmy|international|unitedstates|nfrbi|pantauanbi|ebdeskind
breaking sulsel,breakingsulsel|general|national|website|indonesia|ebdeskind
bulletin journalist,bulletinjournalist|general|national|website|indonesia|ebdeskind
foxnews,mainstream|global|foxnews|ebdeskmy|international|unitedstates|ebdeskind
gugus tugas covid-19 kepri,gugustugascovid-19kepri|national|website|indonesia|general|ebdeskind
kanal sembilan,kanalsembilan|national|website|indonesia|general|ebdeskind
lampung77,lampung77|national|website|indonesia|general|bandarlampung|lampung|ebdeskind
mymetro,mainstream|ebdeskmy|mymetro|malaysia|international|general|ebdeskind
oegick media news,oegickmedianews|general|national|website|indonesia|polri|ebdeskind
petisi,petisi|general|national|website|indonesia|ebdeskind|jawatimur|surabaya|genteng|embongkaliasin
pwmu.co,pwmu.co|general|national|website|indonesia|ebdeskind
sulselinfo,sulselinfo|general|national|website|indonesia|polri|ebdeskind
sulutexpress,sulutexpress|general|national|website|indonesia|ebdeskind
the independent,unitedkingdom|theindependent|portal|ebdeskmy|ghana|international|general|ebdeskind
the new standard,philippines|mainstream|ebdeskmy|thestandard
amsterdam news.net,portal|netherlands|ebdeskmy|amsterdamnewsnet
asean economist,aseaneconomist|general|international|thailand|ebdeskind
bbc,bbc|global|mainstream|ebdeskmy|bukalapak|dewanpers|ebdeskind|international
berita blitar,beritablitar|national|website|indonesia|general|jawatimur|ebdeskind
betahita,betahita|national|website|indonesia|general|ebdeskind
businessworld.in,businessworld.in|general|international|india|ebdeskind
daily-sun,daily-sun|general|international|bangladesh|ebdeskind
dimasbagus.com,dimasbagus.com|national|website|indonesia|general|ebdeskind
dunia tambang,duniatambang|general|national|website|indonesia|ebdeskind
eye of riyadh,portal|saudiarabia|eyeofriyadh|ebdeskmy
guang ming online,guangmingonline|china|portal|ebdeskmy
houston chronicle,houstonchronicle|general|international|unitedstates|ebdeskind
info satu,infosatu|general|national|website|indonesia|ebdeskind
liputan 6 aceh,liputan6aceh|national|website|indonesia|general|aceh|ebdeskind
malaysia baru 2018 blog,malaysia|blog|politics|malaysiabaru2018blog|ebdeskmy
malaysia news,malaysia|portal|general|malaysianews|ebdeskmy
mizzima,mainstream|thailand|mizzima|myanmar|ebdeskmy|international|general|ebdeskind
mpk news,mpknews|national|website|indonesia|general|polri|ebdeskind
newsinsing,singapore|portal|insingcom|newsinsing|ebdeskmy|international|general|ebdeskind
sbo.co.id,sbo.co.id|national|website|indonesia|general|surabaya|jawatimur|ebdeskind
surabaya times,surabayatimes|general|national|website|indonesia|surabaya|ebdeskind
the shillong times,india|theshillongtimes|mainstream|ebdeskmy
times sidoarjo,timessidoarjo|national|website|indonesia|general|sidoarjo|jawatimur|ebdeskind
value walk,valuewalk|general|international|unitedstates|ebdeskind
arfak news,arfaknews|national|website|indonesia|general|polri|ebdeskind
beritaku,beritaku|general|national|website|indonesia|ebdeskind|sulawesiselatan|makassar|rappocini|buakana
daily excelsior,india|mainstream|ebdeskmy|dailyexcelsior|ebdeskind|international
dailymail.co.id,dailymail.co.id|general|national|website|indonesia|tni|ebdeskind
financeroll.com,financeroll.com|national|website|indonesia|general|ebdeskind
geteway house,getewayhouse|general|international|india|ebdeskind
harianmemokepri.com,harianmemokepri.com|general|national|website|indonesia|dewanpers|ebdeskind
info indonesia news,infoindonesianews|general|national|website|indonesia|ebdeskind|sulawesiselatan|luwutimur|malili|puncakindah
insiden news,insidennews|general|website|indonesia|national|ebdeskind|
inspirasinews.com,inspirasinews.com|national|website|indonesia|general|sumatraselatan|ebdeskind
jagat papua,jagatpapua|national|website|indonesia|general|polri|ebdeskind
jurnal time,jurnaltime|general|national|website|indonesia|ebdeskind
koreksi.id,koreksi.id|general|national|website|indonesia|ebdeskind|sulawesiutara|manado|malalayang|bahu
kota waringin news,kotawaringinnews|general|national|website|indonesia|ebdeskind|kalimantantengah|kotawaringinbarat|arutselatan|pasirpanjang
madaniy,madaniy|general|national|website|indonesia|dewanpers|tni|ebdeskind
mediaa1,mediaa1|general|national|website|indonesia|ebdeskind
news sabah times,mainstream|newsabahtimes|ebdeskmy|malaysia|international|general|ebdeskind
pacitan news,pacitannews|national|website|indonesia|general|ebdeskind
pedoman online,pedomanonline|general|national|website|indonesia|sulawesiselatan|makassar|mariso|ebdeskind
pribumi perkasa,ebdeskmy|pribumiperkasa|blog|malaysia
reaksi nasional,reaksinasional|general|national|website|indonesia|ebdeskind
redaksi 8,redaksi8|general|national|website|indonesia|ebdeskind|kalimantanselatan|banjarbaru|landasanulin|guntungmanggis
singaporenewalternative,singaporenewalternative|singapore|ebdeskmy|blog
star and stripes,starandstripes|general|international|unitedstates|ebdeskind
surabaya aktual,surabayaaktual|general|national|website|indonesia|surabaya|ebdeskind
tech central,thestaronline|mainstream|ebdeskmy|malaysia
the financial,thefinancial|general|international|georgia|ebdeskind
the local germany,thelocalgermany|portal|ebdeskmy|germany
the new indian express,india|mainstream|ebdeskmy|thenewindianexpress
trotoar,trotoar|general|national|website|indonesia|ebdeskind|sulawesiselatan|makassar|panakkukang|masale
up2date,up2date|national|website|indonesia|general|ebdeskind
valid news,validnews|general|national|website|indonesia|ebdeskind|dkijakarta|jakartaselatan|pasarminggu|cilandak
voa news,voanews|general|international|unitedstates|ebdeskind
xinhuanet china,china|portal|xinhua|ebdeskmy
yuseriyusoff,ebdeskmy|doubley|blog|malaysia
24 berita,24berita|general|national|website|indonesia|tni|ebdeskind
berita lingkungan,beritalingkungan|general|national|website|indonesia|ebdeskind
blogswsj,ebdeskmy|global|blogswsj|blog
business insider india,portal|businessinsiderindia|website|ebdeskmy|india|international|general|ebdeskind
d news radio,dnewsradio|general|national|website|indonesia|ebdeskind
daily mail,unitedkingdom|dailymail|international|general|ebdeskind
daily nation,dailynation|international|general|kenya|ebdeskind
dawn,dawn|general|international|pakistan|ebdeskind
fiji village,fijivillage|international|general|fiji|ebdeskind
global times,china|mainstream|globaltimes|ebdeskmy|international|general|ebdeskind
holland sentinel,hollandsentinel|portal|netherlands|ebdeskmy|ebdeskind|international
ikhwan web,egypt|ikhwanweb|portal|ebdeskmy
indikasi news,indikasinews|general|national|website|indonesia|dewanpers|tni|ebdeskind
info world,infoworld|general|international|unitedstates|ebdeskind
jeumpa news,jeumpanews|national|website|indonesia|general|ebdeskind
jurnal sidoarjo,jurnalsidoarjo|national|website|indonesia|general|sidoarjo|jawatimur|ebdeskind
justread-whatever,justreadwhatever|ebdeskmy|blog|malaysia
mahaguru58,ebdeskmy|mahaguru58|blog|malaysia
malaysiadigest,portal|malaysiadigest|technology|ebdeskmy|malaysia|international|ebdeskind
malaysianews tv,malaysia|blog|general|malaysianewstv|ebdeskmy
mata kalteng,matakalteng|national|website|indonesia|general|ebdeskind
media pro rakyat,mediaprorakyat|national|website|indonesia|general|polri|ebdeskind
news yahoo malaysia,yahoonewsmalaysia|portal|ebdeskmy|malaysia|ebdeskind|international
otomotifo,otomotifo|national|website|indonesia|otomotif|ebdeskind
perdana kepri,perdanakepri|general|international|indonesia|ebdeskind
ravalli republic,ravallirepublic|general|international|unitedstates|ebdeskind
roket kini,portal|roketkini|ebdeskmy|malaysia|international|general|ebdeskind
salleh keruak,sallehsaidkeruak|ebdeskmy|blog|malaysia
saudi gazzete,saudiarabia|portal|saudigazzete|ebdeskmy
sinarharian,mainstream|sinarharian|ebdeskmy|malaysia|international|social|bukalapak|ebdeskind
stars and stripes,mainstream|starsandstripes|ebdeskmy|germany
stopthelies,stopthelies|portal|ebdeskmy|malaysia
sumsel24,sumsel24|general|national|website|indonesia|dewanpers|ebdeskind
teras.id,teras.id|general|national|website|indonesia|ebdeskind
the gospel herald,thegospelherald|general|international|unitedstates|ebdeskind
the malaysian insider,portal|technology|themalaysianinsider|ebdeskmy|malaysia|dewanpers|ebdeskind|international
the online citizen,singapore|portal|theonlinecitizen|ebdeskmy|politic|international|dewanpers|ebdeskind
the star,portal|thestar|thestaronline|ebdeskmy|malaysia|general|bukalapak|dewanpers|ebdeskind|international
the star uk,thestaruk|unitedkingdom|portal|ebdeskmy|ebdeskind|international
worldheritage,worldheritage|portal|ebdeskmy|malaysia
wpxi,wpxi|general|international|russianfederation|ebdeskind
abc news,economic|abcnews|international|unitedstates|ebdeskind
aljazeera,global|mainstream|ebdeskmy|aljazeera|ebdeskind|international
amiruddin shari,malaysia|blog|politics|amiruddinshari|ebdeskmy
angin perubahan blog,anginperubahanblog|ebdeskmy|blog|malaysia
antara news manado,antaranewsmanado|national|website|indonesia|general|manado|ebdeskind
avran,avran|ebdeskmy|blog|malaysia
baliexpress,baliexpress|national|website|indonesia|general|denpasar|bali|ebdeskind
belantan blog,belantanblog|ebdeskmy|blog|malaysia
berita harian,singapore|mainstream|beritaharian|ebdeskmy|general|website|indonesia|national|polri|jakbar|ebdeskind
berita terkini,beritaterkini|portal|ebdeskmy|malaysia|ebdeskind|international
bigdogdotcom,bigdogdotcom|ebdeskmy|blog|malaysia|ebdeskind|international
bisnis metro,bisnismetro|general|national|website|indonesia|tni|ebdeskind
cameroon news,cameroon|cameroonnews|international|general|ebdeskind
cjp,cjp|general|international|singapore|ebdeskind
comesingapore,ebdeskmy|singapore|portal|comesingapore
cri online,crionline|general|international|china|ebdeskind
detikperubahan,portal|detikperubahan|ebdeskmy|malaysia
editioncnn,global|mainstream|ebdeskmy|editioncnn
epoch times,mainstream|global|epochtimes|ebdeskmy|international|general|unitedstates|ebdeskind
expatriatelifestyle,expatriatelifestyle|portal|ebdeskmy|malaysia|ebdeskind|international
express,mainstream|express|ebdeskmy|unitedkingdom|international|general|ebdeskind
finance twitter,financetwitter|ebdeskmy|blog|malaysia
free press journal,india|mainstream|freepressjournal|ebdeskmy|ebdeskind|international
garda papua,gardapapua|national|website|indonesia|general|polri|ebdeskind
garuda citizen,garudacitizen|national|website|indonesia|general|ebdeskind
gemilang daily,malaysia|portal|politics|gemilangdaily|ebdeskmy
genpi.co,genpi.co|general|national|website|indonesia|ebdeskind|dkijakarta|jakartaselatan|kebayoranlamagrogolutara
global indonesian voices,globalindonesianvoices|general|national|website|indonesia|ebdeskind
green left,greenleft|general|international|australia|ebdeskind
hankam news,hankamnews|general|national|website|indonesia|tni|ebdeskind
hindustan times,mainstream|website|ebdeskmy|india|international|general|hindustantimes|ebdeskind
huffpost,thehuffpost|portal|ebdeskmy|unitedstates
indian express,indianexpress|general|international|india|ebdeskind
indo zone,indozone|general|national|website|indonesia|tni|ebdeskind|dewanpers
info sebenar,malaysia|portal|general|infosebenar|ebdeskmy
jatimpos.id,jatimpos.id|general|national|website|indonesia|ebdeskind|tni
kabar nusantara news,kabarnusantaranews|general|national|website|indonesia|ebdeskind|sulawesiselatan|makassar|tamalate|pabaengbaeng
kashmir times,india|mainstream|ebdeskmy|kashmirtimes
kita reporters,malaysia|portal|social|kitareporters|ebdeskmy
kkp.go.id,kkp.go.id|general|national|website|indonesia|ebdeskind
klik kalimantan,klikkalimantan|general|national|website|indonesia|ebdeskind|kalimantanselatan|banjar|astambul
kliksulsel.com,kliksulsel.com|general|national|website|indonesia|ebdeskind|sulawesiselatan|wajo|tempe|siengkang
klpos,rakyatnews|portal|ebdeskmy|malaysia|ebdeskind|international
kupas online,kupasonline|general|national|website|indonesia|ebdeskind
laras post online,laraspostonline|general|national|website|indonesia|dewanpers|tni|ebdeskind
lihat papua,lihatpapua|national|website|indonesia|general|polri|ebdeskind
lira media,liramedia|national|website|indonesia|general|surabaya|jawatimur|ebdeskind
majalah nurani,majalahnurani|national|website|indonesia|general|ebdeskind
malaysia kini,ebdeskmy|portal|malaysiakini|malaysia|bukalapak|ebdeskind|international
matangi tonga online,matangitongaonline|general|international|tonga|ebdeskind
media harapan,mediaharian|general|national|website|indonesia|ebdeskind
menafn,menafn|general|international|jordan|ebdeskind
mobil123,mobil123|general|national|website|indonesia|ebdeskind
mole,portal|themole|ebdeskmy|malaysia|ebdeskind|international
morocco world news,moroccoworldnews|general|international|morocco|ebdeskind
msn,sport|canada|international|msn|ebdeskind
natural news,naturalnews|mainstream|unitedstates|ebdeskmy
news summed up,national|indonesia|website|ebdeskind|general|newssummedup
nokennews.com,nokennews.com|national|website|indonesia|general|polri|ebdeskind
oridek news,orideknews|national|website|indonesia|general|polri|ebdeskind
pakistan christian post,pakistanchristianpost|general|international|pakistan|ebdeskind
papuabaratonline.com,papuabaratonline.com|national|website|indonesia|general|polri|ebdeskind
periksa21,periksa21|national|website|indonesia|general|ebdeskind
pojok satu,mainstream|indonesia|dewanpers|pojoksatu|ebdeskmy|ebdeskind|economic|national|bogor|jawabarat|website|tni
poros nusantara,porosnusantara|general|national|website|indonesia|ebdeskind
portal tujuh,portaltujuh|general|website|indonesia|national|ebdeskind
press tv,presstv|general|international|iran|ebdeskind
republik merdeka jabar,jabar|ebdeskind|indonesia|website|rakyatmerdekajabar|general|national|jawabarat|bandung|cimenyan|cibeunying|kementan
republik merdeka jakarta,rakyatmerdekajakarta|jakarta|indonesia|website|ebdeskind|general|national|jakartaselatan|pancoran|rawajati|kementan
republik merdeka jateng,republikmerdekajateng|general|national|website|indonesia|ebdeskind
rt news,rt|mainstream|unitedstates|ebdeskmy
saba news,sabanews|mainstream|ebdeskmy|netherlands
sabah post,malaysia|portal|general|sabahpost|ebdeskmy
sarawak report,sarawakreport|portal|ebdeskmy|malaysia
science mag,sciencemag|global|mainstream|ebdeskmy
selangorku,selangorkini|mainstream|selangorku|ebdeskmy|malaysia|general
sino-us,china|portal|ebdeskmy|sinous
surabaya newsweek,surabayanewsweek|general|national|website|indonesia|surabaya|ebdeskind|jawatimur|sukomanunggal|simomulyo
telegraph,portal|financial|thetelegraph|ebdeskmy|unitedkingdom|international|unitedstates|telegraph|dewanpers|ebdeskind
thailand press release,thailandpressrelease|portal|thailand|ebdeskmy
the daily star egypt,egypt|thedailystaregypt|mainstream|ebdeskmy|ebdeskind|international
the denver post,thedenverpost|portal|ebdeskmy|unitedstates
the economic observer,china|theeconomicobserver|mainstream|ebdeskmy
the hindu,portal|website|ebdeskmy|india|thehindu|international|general|ebdeskind
the india express,india|theindianexpress|mainstream|ebdeskmy
the local france,ebdeskmy|france|portal|thelocalfrance
the malay mail online,mainstream|technology|themalaymailonline|ebdeskmy|malaysia|ebdeskind|international
the malaysia online,malaysia|portal|general|themalaysiaonline|ebdeskmy
the malaysian insight,themalaysianinsight|portal|ebdeskmy|malaysia|ebdeskind|international
the new york times,mainstream|website|international|thenewyorktimes|unitedstates|bukalapak|ebdeskind
the oklahoman,theoklahoman|website|international|general|unitedstates|ebdeskind
the philippine star,philippines|mainstream|ebdeskmy|thephilippinestar
the star malaysia,eb1847Postdeskind|malaysia|thestarmalaysia|international|general|dewanpers|ebdeskind
theborneopost,portal|technology|theborneopost|ebdeskmy|malaysia|international|bukalapak|ebdeskind
tremeritus,singapore|portal|tremeritus|ebdeskmy|international|ebdeskind
tribun news lampung,indonesia|ebdeskind|general|tribunnewslampung|lampung|bandarlampung|rajabasa|gedongmeneng|kementan
uc news,national|indonesia|website|ebdeskind|general|ucnews|dkijakarta|jakartapusat|tanahabang|gelora
umno bahagian cheras,umnobahagiancheras|ebdeskmy|malaysia|general|blog
umnoreform,portal|umnoreform|ebdeskmy|malaysia
unbox,unbox|national|website|indonesia|technology|ebdeskind
vibiz media,vibizmedia|national|website|indonesia|general|ebdeskind
wajo terkini,wajoterkini|general|national|website|indonesia|ebdeskind|sulawesiselatan|wajo|tempe|bulupabbulu
weau 13 news,weau13news|general|website|ebdeskmy|international|unitedstates|ebdeskind
weechookeong,ebdeskmy|weechookeong|blog|malaysia
yonhap news,yonhapnews|culture|ebdeskmy|international|korearepublicof|bukalapak|ebdeskind
zamkata,zamkata|ebdeskmy|blog|malaysia
zamsaham,zamsaham|ebdeskmy|blog|malaysia
zona papua,zonapapua|national|website|indonesia|general|polri|ebdeskind
